1,'PAM004_AB.jpg'
2,'PAM003_AB.jpg'
3,'MAM006_AB.jpg'
4,'MAM001_AB.jpg'
5,'PAM002_AB.jpg'
6,'PAF001_AB.jpg'
7,'PAF004_AB.jpg'
8,'MAM009_AB.jpg'
9,'PAF005_AB.jpg'
10,'MAF006_AB.jpg'
11,'MAM007_AB.jpg'
12,'PAM005_AB.jpg'
13,'MAF009_AB.jpg'
14,'MAM004_AB.jpg'
15,'MAF004_AB.jpg'
16,'PAF002_AB.jpg'
17,'PAF003_AB.jpg'
18,'MAF002_AB.jpg'
19,'MAF007_AB.jpg'
20,'PAM006_AB.jpg'
21,'PAM007_AB.jpg'
22,'PAF006_AB.jpg'
23,'MAM012_AB.jpg'
24,'MAF010_AB.jpg'
25,'PAM008_AB.jpg'
26,'MAM015_AB.jpg'
27,'PAF007_AB.jpg'
28,'MAF013_AB.jpg'
29,'MAF011_AB.jpg'
30,'PAM012_AB.jpg'
31,'PAM009_AB.jpg'
32,'MAM014_AB.jpg'
33,'PAM013_AB.jpg'
34,'MAF012_AB.jpg'
35,'MAF014_AB.jpg'
36,'MAM011_AB.jpg'
37,'PAF010_AB.jpg'
38,'PAF009_AB.jpg'
39,'MAM013_AB.jpg'
40,'PAF008_AB.jpg'
